dataset,model,row_format,column_format,row_correct_count,column_correct_count,intersection_count,conditional_overlap,jaccard
realhit,Qwen3.5-9B,latex,latex,1486,1486,1486,1.0,1.0
realhit,Qwen3.5-9B,latex,markdown,1486,1448,1250,0.8632596685082873,0.7422802850356295
realhit,Qwen3.5-9B,latex,json_cells,1486,1532,1255,0.8191906005221932,0.7118547929665343
realhit,Qwen3.5-9B,latex,json_rows,1486,1489,1241,0.8334452652787105,0.7156862745098039
realhit,Qwen3.5-9B,latex,image,1486,1529,1220,0.7979071288423807,0.6796657381615598
realhit,Qwen3.5-9B,latex,excel_1_image,1486,1576,1267,0.8039340101522843,0.705849582172702
realhit,Qwen3.5-9B,markdown,latex,1448,1486,1250,0.8411843876177658,0.7422802850356295
realhit,Qwen3.5-9B,markdown,markdown,1448,1448,1448,1.0,1.0
realhit,Qwen3.5-9B,markdown,json_cells,1448,1532,1243,0.8113577023498695,0.715601611974669
realhit,Qwen3.5-9B,markdown,json_rows,1448,1489,1236,0.8300873069173942,0.7266313932980599
realhit,Qwen3.5-9B,markdown,image,1448,1529,1193,0.7802485284499673,0.6687219730941704
realhit,Qwen3.5-9B,markdown,excel_1_image,1448,1576,1248,0.7918781725888325,0.7027027027027027
realhit,Qwen3.5-9B,json_cells,latex,1532,1486,1255,0.8445491251682369,0.7118547929665343
realhit,Qwen3.5-9B,json_cells,markdown,1532,1448,1243,0.8584254143646409,0.715601611974669
realhit,Qwen3.5-9B,json_cells,json_cells,1532,1532,1532,1.0,1.0
realhit,Qwen3.5-9B,json_cells,json_rows,1532,1489,1300,0.8730691739422431,0.7553747821034282
realhit,Qwen3.5-9B,json_cells,image,1532,1529,1252,0.8188358404185743,0.6920950801547816
realhit,Qwen3.5-9B,json_cells,excel_1_image,1532,1576,1300,0.8248730964467005,0.7190265486725663
realhit,Qwen3.5-9B,json_rows,latex,1489,1486,1241,0.8351278600269179,0.7156862745098039
realhit,Qwen3.5-9B,json_rows,markdown,1489,1448,1236,0.8535911602209945,0.7266313932980599
realhit,Qwen3.5-9B,json_rows,json_cells,1489,1532,1300,0.8485639686684073,0.7553747821034282
realhit,Qwen3.5-9B,json_rows,json_rows,1489,1489,1489,1.0,1.0
realhit,Qwen3.5-9B,json_rows,image,1489,1529,1219,0.7972531066056245,0.6775986659255142
realhit,Qwen3.5-9B,json_rows,excel_1_image,1489,1576,1277,0.8102791878172588,0.7142058165548099
realhit,Qwen3.5-9B,image,latex,1529,1486,1220,0.8209959623149394,0.6796657381615598
realhit,Qwen3.5-9B,image,markdown,1529,1448,1193,0.8238950276243094,0.6687219730941704
realhit,Qwen3.5-9B,image,json_cells,1529,1532,1252,0.8172323759791122,0.6920950801547816
realhit,Qwen3.5-9B,image,json_rows,1529,1489,1219,0.8186702484889188,0.6775986659255142
realhit,Qwen3.5-9B,image,image,1529,1529,1529,1.0,1.0
realhit,Qwen3.5-9B,image,excel_1_image,1529,1576,1306,0.8286802030456852,0.725958866036687
realhit,Qwen3.5-9B,excel_1_image,latex,1576,1486,1267,0.8526244952893675,0.705849582172702
realhit,Qwen3.5-9B,excel_1_image,markdown,1576,1448,1248,0.861878453038674,0.7027027027027027
realhit,Qwen3.5-9B,excel_1_image,json_cells,1576,1532,1300,0.8485639686684073,0.7190265486725663
realhit,Qwen3.5-9B,excel_1_image,json_rows,1576,1489,1277,0.857622565480188,0.7142058165548099
realhit,Qwen3.5-9B,excel_1_image,image,1576,1529,1306,0.854153041203401,0.725958866036687
realhit,Qwen3.5-9B,excel_1_image,excel_1_image,1576,1576,1576,1.0,1.0
realhit,Qwen3-VL-30B-A3B-Instruct,latex,latex,1519,1519,1519,1.0,1.0
realhit,Qwen3-VL-30B-A3B-Instruct,latex,markdown,1519,1470,1304,0.8870748299319728,0.7738872403560831
realhit,Qwen3-VL-30B-A3B-Instruct,latex,json_cells,1519,1503,1315,0.8749168330006654,0.7703573520796719
realhit,Qwen3-VL-30B-A3B-Instruct,latex,json_rows,1519,1499,1330,0.8872581721147431,0.7879146919431279
realhit,Qwen3-VL-30B-A3B-Instruct,latex,image,1519,1392,1187,0.8527298850574713,0.6885150812064965
realhit,Qwen3-VL-30B-A3B-Instruct,latex,excel_1_image,1519,1298,1139,0.8775038520801233,0.6787842669845053
realhit,Qwen3-VL-30B-A3B-Instruct,markdown,latex,1470,1519,1304,0.858459512837393,0.7738872403560831
realhit,Qwen3-VL-30B-A3B-Instruct,markdown,markdown,1470,1470,1470,1.0,1.0
realhit,Qwen3-VL-30B-A3B-Instruct,markdown,json_cells,1470,1503,1309,0.8709248170326015,0.7866586538461539
realhit,Qwen3-VL-30B-A3B-Instruct,markdown,json_rows,1470,1499,1313,0.875917278185457,0.7928743961352657
realhit,Qwen3-VL-30B-A3B-Instruct,markdown,image,1470,1392,1146,0.8232758620689655,0.6678321678321678
realhit,Qwen3-VL-30B-A3B-Instruct,markdown,excel_1_image,1470,1298,1108,0.8536209553158706,0.6674698795180722
realhit,Qwen3-VL-30B-A3B-Instruct,json_cells,latex,1503,1519,1315,0.8657011191573404,0.7703573520796719
realhit,Qwen3-VL-30B-A3B-Instruct,json_cells,markdown,1503,1470,1309,0.8904761904761904,0.7866586538461539
realhit,Qwen3-VL-30B-A3B-Instruct,json_cells,json_cells,1503,1503,1503,1.0,1.0
realhit,Qwen3-VL-30B-A3B-Instruct,json_cells,json_rows,1503,1499,1324,0.8832555036691128,0.7890345649582837
realhit,Qwen3-VL-30B-A3B-Instruct,json_cells,image,1503,1392,1179,0.8469827586206896,0.6870629370629371
realhit,Qwen3-VL-30B-A3B-Instruct,json_cells,excel_1_image,1503,1298,1130,0.8705701078582434,0.6762417713943746
realhit,Qwen3-VL-30B-A3B-Instruct,json_rows,latex,1499,1519,1330,0.8755760368663594,0.7879146919431279
realhit,Qwen3-VL-30B-A3B-Instruct,json_rows,markdown,1499,1470,1313,0.8931972789115646,0.7928743961352657
realhit,Qwen3-VL-30B-A3B-Instruct,json_rows,json_cells,1499,1503,1324,0.8809048569527611,0.7890345649582837
realhit,Qwen3-VL-30B-A3B-Instruct,json_rows,json_rows,1499,1499,1499,1.0,1.0
realhit,Qwen3-VL-30B-A3B-Instruct,json_rows,image,1499,1392,1157,0.8311781609195402,0.6672433679354095
realhit,Qwen3-VL-30B-A3B-Instruct,json_rows,excel_1_image,1499,1298,1115,0.8590138674884438,0.6629013079667063
realhit,Qwen3-VL-30B-A3B-Instruct,image,latex,1392,1519,1187,0.781435154707044,0.6885150812064965
realhit,Qwen3-VL-30B-A3B-Instruct,image,markdown,1392,1470,1146,0.7795918367346939,0.6678321678321678
realhit,Qwen3-VL-30B-A3B-Instruct,image,json_cells,1392,1503,1179,0.7844311377245509,0.6870629370629371
realhit,Qwen3-VL-30B-A3B-Instruct,image,json_rows,1392,1499,1157,0.771847898599066,0.6672433679354095
realhit,Qwen3-VL-30B-A3B-Instruct,image,image,1392,1392,1392,1.0,1.0
realhit,Qwen3-VL-30B-A3B-Instruct,image,excel_1_image,1392,1298,1066,0.8212634822804314,0.6564039408866995
realhit,Qwen3-VL-30B-A3B-Instruct,excel_1_image,latex,1298,1519,1139,0.749835418038183,0.6787842669845053
realhit,Qwen3-VL-30B-A3B-Instruct,excel_1_image,markdown,1298,1470,1108,0.7537414965986394,0.6674698795180722
realhit,Qwen3-VL-30B-A3B-Instruct,excel_1_image,json_cells,1298,1503,1130,0.7518296739853626,0.6762417713943746
realhit,Qwen3-VL-30B-A3B-Instruct,excel_1_image,json_rows,1298,1499,1115,0.7438292194796531,0.6629013079667063
realhit,Qwen3-VL-30B-A3B-Instruct,excel_1_image,image,1298,1392,1066,0.7658045977011494,0.6564039408866995
realhit,Qwen3-VL-30B-A3B-Instruct,excel_1_image,excel_1_image,1298,1298,1298,1.0,1.0
realhit,gemma-3-12b-it,latex,latex,1177,1177,1177,1.0,1.0
realhit,gemma-3-12b-it,latex,markdown,1177,969,814,0.8400412796697626,0.6111111111111112
realhit,gemma-3-12b-it,latex,json_cells,1177,912,735,0.805921052631579,0.5428360413589365
realhit,gemma-3-12b-it,latex,json_rows,1177,969,792,0.8173374613003096,0.5849335302806499
realhit,gemma-3-12b-it,latex,image,1177,731,548,0.7496580027359782,0.40294117647058825
realhit,gemma-3-12b-it,latex,excel_1_image,1177,492,369,0.75,0.28384615384615386
realhit,gemma-3-12b-it,markdown,latex,969,1177,814,0.6915887850467289,0.6111111111111112
realhit,gemma-3-12b-it,markdown,markdown,969,969,969,1.0,1.0
realhit,gemma-3-12b-it,markdown,json_cells,969,912,668,0.7324561403508771,0.5507007419620775
realhit,gemma-3-12b-it,markdown,json_rows,969,969,723,0.7461300309597523,0.5950617283950618
realhit,gemma-3-12b-it,markdown,image,969,731,478,0.6538987688098495,0.3911620294599018
realhit,gemma-3-12b-it,markdown,excel_1_image,969,492,333,0.676829268292683,0.29521276595744683
realhit,gemma-3-12b-it,json_cells,latex,912,1177,735,0.6244689889549703,0.5428360413589365
realhit,gemma-3-12b-it,json_cells,markdown,912,969,668,0.6893704850361198,0.5507007419620775
realhit,gemma-3-12b-it,json_cells,json_cells,912,912,912,1.0,1.0
realhit,gemma-3-12b-it,json_cells,json_rows,912,969,669,0.6904024767801857,0.551980198019802
realhit,gemma-3-12b-it,json_cells,image,912,731,462,0.6320109439124487,0.3911939034716342
realhit,gemma-3-12b-it,json_cells,excel_1_image,912,492,326,0.6626016260162602,0.30241187384044527
realhit,gemma-3-12b-it,json_rows,latex,969,1177,792,0.6728971962616822,0.5849335302806499
realhit,gemma-3-12b-it,json_rows,markdown,969,969,723,0.7461300309597523,0.5950617283950618
realhit,gemma-3-12b-it,json_rows,json_cells,969,912,669,0.7335526315789473,0.551980198019802
realhit,gemma-3-12b-it,json_rows,json_rows,969,969,969,1.0,1.0
realhit,gemma-3-12b-it,json_rows,image,969,731,493,0.6744186046511628,0.4084507042253521
realhit,gemma-3-12b-it,json_rows,excel_1_image,969,492,348,0.7073170731707317,0.31266846361185985
realhit,gemma-3-12b-it,image,latex,731,1177,548,0.46559048428207306,0.40294117647058825
realhit,gemma-3-12b-it,image,markdown,731,969,478,0.4932920536635707,0.3911620294599018
realhit,gemma-3-12b-it,image,json_cells,731,912,462,0.506578947368421,0.3911939034716342
realhit,gemma-3-12b-it,image,json_rows,731,969,493,0.5087719298245614,0.4084507042253521
realhit,gemma-3-12b-it,image,image,731,731,731,1.0,1.0
realhit,gemma-3-12b-it,image,excel_1_image,731,492,336,0.6829268292682927,0.3788049605411499
realhit,gemma-3-12b-it,excel_1_image,latex,492,1177,369,0.3135089209855565,0.28384615384615386
realhit,gemma-3-12b-it,excel_1_image,markdown,492,969,333,0.34365325077399383,0.29521276595744683
realhit,gemma-3-12b-it,excel_1_image,json_cells,492,912,326,0.3574561403508772,0.30241187384044527
realhit,gemma-3-12b-it,excel_1_image,json_rows,492,969,348,0.3591331269349845,0.31266846361185985
realhit,gemma-3-12b-it,excel_1_image,image,492,731,336,0.45964432284541723,0.3788049605411499
realhit,gemma-3-12b-it,excel_1_image,excel_1_image,492,492,492,1.0,1.0
realhit,gemma-4-12B-it,latex,latex,1723,1723,1723,1.0,1.0
realhit,gemma-4-12B-it,latex,markdown,1723,1664,1565,0.9405048076923077,0.8589462129527992
realhit,gemma-4-12B-it,latex,json_cells,1723,1693,1562,0.9226225634967513,0.8425026968716289
realhit,gemma-4-12B-it,latex,json_rows,1723,1652,1544,0.9346246973365617,0.8432550518842162
realhit,gemma-4-12B-it,latex,image,1723,1011,921,0.9109792284866469,0.5079977937120794
realhit,gemma-4-12B-it,latex,excel_1_image,1723,881,821,0.9318955732122588,0.46045989904655077
realhit,gemma-4-12B-it,markdown,latex,1664,1723,1565,0.9082994776552524,0.8589462129527992
realhit,gemma-4-12B-it,markdown,markdown,1664,1664,1664,1.0,1.0
realhit,gemma-4-12B-it,markdown,json_cells,1664,1693,1533,0.9054932073242764,0.8404605263157895
realhit,gemma-4-12B-it,markdown,json_rows,1664,1652,1509,0.9134382566585957,0.8350857775318207
realhit,gemma-4-12B-it,markdown,image,1664,1011,897,0.887240356083086,0.5044994375703037
realhit,gemma-4-12B-it,markdown,excel_1_image,1664,881,795,0.9023836549375709,0.4542857142857143
realhit,gemma-4-12B-it,json_cells,latex,1693,1723,1562,0.9065583284968078,0.8425026968716289
realhit,gemma-4-12B-it,json_cells,markdown,1693,1664,1533,0.9212740384615384,0.8404605263157895
realhit,gemma-4-12B-it,json_cells,json_cells,1693,1693,1693,1.0,1.0
realhit,gemma-4-12B-it,json_cells,json_rows,1693,1652,1514,0.9164648910411622,0.8268705625341344
realhit,gemma-4-12B-it,json_cells,image,1693,1011,912,0.9020771513353115,0.5089285714285714
realhit,gemma-4-12B-it,json_cells,excel_1_image,1693,881,813,0.9228149829738933,0.4616695059625213
realhit,gemma-4-12B-it,json_rows,latex,1652,1723,1544,0.8961114335461404,0.8432550518842162
realhit,gemma-4-12B-it,json_rows,markdown,1652,1664,1509,0.9068509615384616,0.8350857775318207
realhit,gemma-4-12B-it,json_rows,json_cells,1652,1693,1514,0.8942705256940343,0.8268705625341344
realhit,gemma-4-12B-it,json_rows,json_rows,1652,1652,1652,1.0,1.0
realhit,gemma-4-12B-it,json_rows,image,1652,1011,896,0.8862512363996043,0.5070741369552915
realhit,gemma-4-12B-it,json_rows,excel_1_image,1652,881,791,0.8978433598183881,0.45407577497129736
realhit,gemma-4-12B-it,image,latex,1011,1723,921,0.534532791642484,0.5079977937120794
realhit,gemma-4-12B-it,image,markdown,1011,1664,897,0.5390625,0.5044994375703037
realhit,gemma-4-12B-it,image,json_cells,1011,1693,912,0.5386887182516243,0.5089285714285714
realhit,gemma-4-12B-it,image,json_rows,1011,1652,896,0.5423728813559322,0.5070741369552915
realhit,gemma-4-12B-it,image,image,1011,1011,1011,1.0,1.0
realhit,gemma-4-12B-it,image,excel_1_image,1011,881,702,0.7968217934165721,0.5899159663865546
realhit,gemma-4-12B-it,excel_1_image,latex,881,1723,821,0.4764944863609983,0.46045989904655077
realhit,gemma-4-12B-it,excel_1_image,markdown,881,1664,795,0.4777644230769231,0.4542857142857143
realhit,gemma-4-12B-it,excel_1_image,json_cells,881,1693,813,0.4802126402835204,0.4616695059625213
realhit,gemma-4-12B-it,excel_1_image,json_rows,881,1652,791,0.4788135593220339,0.45407577497129736
realhit,gemma-4-12B-it,excel_1_image,image,881,1011,702,0.6943620178041543,0.5899159663865546
realhit,gemma-4-12B-it,excel_1_image,excel_1_image,881,881,881,1.0,1.0
realhit,gemma-4-26B-A4B-it,latex,latex,1752,1752,1752,1.0,1.0
realhit,gemma-4-26B-A4B-it,latex,markdown,1752,1736,1646,0.9481566820276498,0.8935939196525515
realhit,gemma-4-26B-A4B-it,latex,json_cells,1752,1750,1642,0.9382857142857143,0.8827956989247312
realhit,gemma-4-26B-A4B-it,latex,json_rows,1752,1716,1630,0.9498834498834499,0.8868335146898803
realhit,gemma-4-26B-A4B-it,latex,image,1752,1178,1069,0.9074702886247877,0.5744223535733477
realhit,gemma-4-26B-A4B-it,latex,excel_1_image,1752,1025,955,0.9317073170731708,0.5241492864983535
realhit,gemma-4-26B-A4B-it,markdown,latex,1736,1752,1646,0.9394977168949772,0.8935939196525515
realhit,gemma-4-26B-A4B-it,markdown,markdown,1736,1736,1736,1.0,1.0
realhit,gemma-4-26B-A4B-it,markdown,json_cells,1736,1750,1637,0.9354285714285714,0.8853434288804759
realhit,gemma-4-26B-A4B-it,markdown,json_rows,1736,1716,1617,0.9423076923076923,0.8811989100817439
realhit,gemma-4-26B-A4B-it,markdown,image,1736,1178,1073,0.9108658743633277,0.5828354155350353
realhit,gemma-4-26B-A4B-it,markdown,excel_1_image,1736,1025,959,0.935609756097561,0.5321864594894562
realhit,gemma-4-26B-A4B-it,json_cells,latex,1750,1752,1642,0.9372146118721462,0.8827956989247312
realhit,gemma-4-26B-A4B-it,json_cells,markdown,1750,1736,1637,0.9429723502304147,0.8853434288804759
realhit,gemma-4-26B-A4B-it,json_cells,json_cells,1750,1750,1750,1.0,1.0
realhit,gemma-4-26B-A4B-it,json_cells,json_rows,1750,1716,1627,0.9481351981351981,0.8847199564980968
realhit,gemma-4-26B-A4B-it,json_cells,image,1750,1178,1069,0.9074702886247877,0.5750403442711135
realhit,gemma-4-26B-A4B-it,json_cells,excel_1_image,1750,1025,960,0.9365853658536586,0.5289256198347108
realhit,gemma-4-26B-A4B-it,json_rows,latex,1716,1752,1630,0.930365296803653,0.8868335146898803
realhit,gemma-4-26B-A4B-it,json_rows,markdown,1716,1736,1617,0.9314516129032258,0.8811989100817439
realhit,gemma-4-26B-A4B-it,json_rows,json_cells,1716,1750,1627,0.9297142857142857,0.8847199564980968
realhit,gemma-4-26B-A4B-it,json_rows,json_rows,1716,1716,1716,1.0,1.0
realhit,gemma-4-26B-A4B-it,json_rows,image,1716,1178,1063,0.902376910016978,0.5805570726379028
realhit,gemma-4-26B-A4B-it,json_rows,excel_1_image,1716,1025,951,0.9278048780487805,0.5312849162011173
realhit,gemma-4-26B-A4B-it,image,latex,1178,1752,1069,0.6101598173515982,0.5744223535733477
realhit,gemma-4-26B-A4B-it,image,markdown,1178,1736,1073,0.6180875576036866,0.5828354155350353
realhit,gemma-4-26B-A4B-it,image,json_cells,1178,1750,1069,0.6108571428571429,0.5750403442711135
realhit,gemma-4-26B-A4B-it,image,json_rows,1178,1716,1063,0.6194638694638694,0.5805570726379028
realhit,gemma-4-26B-A4B-it,image,image,1178,1178,1178,1.0,1.0
realhit,gemma-4-26B-A4B-it,image,excel_1_image,1178,1025,817,0.7970731707317074,0.5894660894660895
realhit,gemma-4-26B-A4B-it,excel_1_image,latex,1025,1752,955,0.5450913242009132,0.5241492864983535
realhit,gemma-4-26B-A4B-it,excel_1_image,markdown,1025,1736,959,0.5524193548387096,0.5321864594894562
realhit,gemma-4-26B-A4B-it,excel_1_image,json_cells,1025,1750,960,0.5485714285714286,0.5289256198347108
realhit,gemma-4-26B-A4B-it,excel_1_image,json_rows,1025,1716,951,0.5541958041958042,0.5312849162011173
realhit,gemma-4-26B-A4B-it,excel_1_image,image,1025,1178,817,0.6935483870967742,0.5894660894660895
realhit,gemma-4-26B-A4B-it,excel_1_image,excel_1_image,1025,1025,1025,1.0,1.0
spreadsheet,Qwen3.5-9B,latex,latex,95,95,95,1.0,1.0
spreadsheet,Qwen3.5-9B,latex,markdown,95,90,43,0.4777777777777778,0.3028169014084507
spreadsheet,Qwen3.5-9B,latex,json_cells,95,115,48,0.41739130434782606,0.2962962962962963
spreadsheet,Qwen3.5-9B,latex,json_rows,95,102,37,0.3627450980392157,0.23125
spreadsheet,Qwen3.5-9B,latex,image,95,61,30,0.4918032786885246,0.23809523809523808
spreadsheet,Qwen3.5-9B,latex,excel_1_image,95,80,41,0.5125,0.30597014925373134
spreadsheet,Qwen3.5-9B,markdown,latex,90,95,43,0.45263157894736844,0.3028169014084507
spreadsheet,Qwen3.5-9B,markdown,markdown,90,90,90,1.0,1.0
spreadsheet,Qwen3.5-9B,markdown,json_cells,90,115,52,0.45217391304347826,0.33986928104575165
spreadsheet,Qwen3.5-9B,markdown,json_rows,90,102,46,0.45098039215686275,0.3150684931506849
spreadsheet,Qwen3.5-9B,markdown,image,90,61,28,0.45901639344262296,0.22764227642276422
spreadsheet,Qwen3.5-9B,markdown,excel_1_image,90,80,34,0.425,0.25
spreadsheet,Qwen3.5-9B,json_cells,latex,115,95,48,0.5052631578947369,0.2962962962962963
spreadsheet,Qwen3.5-9B,json_cells,markdown,115,90,52,0.5777777777777777,0.33986928104575165
spreadsheet,Qwen3.5-9B,json_cells,json_cells,115,115,115,1.0,1.0
spreadsheet,Qwen3.5-9B,json_cells,json_rows,115,102,54,0.5294117647058824,0.3312883435582822
spreadsheet,Qwen3.5-9B,json_cells,image,115,61,37,0.6065573770491803,0.26618705035971224
spreadsheet,Qwen3.5-9B,json_cells,excel_1_image,115,80,42,0.525,0.27450980392156865
spreadsheet,Qwen3.5-9B,json_rows,latex,102,95,37,0.3894736842105263,0.23125
spreadsheet,Qwen3.5-9B,json_rows,markdown,102,90,46,0.5111111111111111,0.3150684931506849
spreadsheet,Qwen3.5-9B,json_rows,json_cells,102,115,54,0.46956521739130436,0.3312883435582822
spreadsheet,Qwen3.5-9B,json_rows,json_rows,102,102,102,1.0,1.0
spreadsheet,Qwen3.5-9B,json_rows,image,102,61,26,0.4262295081967213,0.1897810218978102
spreadsheet,Qwen3.5-9B,json_rows,excel_1_image,102,80,34,0.425,0.22972972972972974
spreadsheet,Qwen3.5-9B,image,latex,61,95,30,0.3157894736842105,0.23809523809523808
spreadsheet,Qwen3.5-9B,image,markdown,61,90,28,0.3111111111111111,0.22764227642276422
spreadsheet,Qwen3.5-9B,image,json_cells,61,115,37,0.3217391304347826,0.26618705035971224
spreadsheet,Qwen3.5-9B,image,json_rows,61,102,26,0.2549019607843137,0.1897810218978102
spreadsheet,Qwen3.5-9B,image,image,61,61,61,1.0,1.0
spreadsheet,Qwen3.5-9B,image,excel_1_image,61,80,36,0.45,0.34285714285714286
spreadsheet,Qwen3.5-9B,excel_1_image,latex,80,95,41,0.43157894736842106,0.30597014925373134
spreadsheet,Qwen3.5-9B,excel_1_image,markdown,80,90,34,0.37777777777777777,0.25
spreadsheet,Qwen3.5-9B,excel_1_image,json_cells,80,115,42,0.3652173913043478,0.27450980392156865
spreadsheet,Qwen3.5-9B,excel_1_image,json_rows,80,102,34,0.3333333333333333,0.22972972972972974
spreadsheet,Qwen3.5-9B,excel_1_image,image,80,61,36,0.5901639344262295,0.34285714285714286
spreadsheet,Qwen3.5-9B,excel_1_image,excel_1_image,80,80,80,1.0,1.0
spreadsheet,Qwen3-VL-30B-A3B-Instruct,latex,latex,100,100,100,1.0,1.0
spreadsheet,Qwen3-VL-30B-A3B-Instruct,latex,markdown,100,84,49,0.5833333333333334,0.362962962962963
spreadsheet,Qwen3-VL-30B-A3B-Instruct,latex,json_cells,100,118,61,0.5169491525423728,0.3885350318471338
spreadsheet,Qwen3-VL-30B-A3B-Instruct,latex,json_rows,100,110,66,0.6,0.4583333333333333
spreadsheet,Qwen3-VL-30B-A3B-Instruct,latex,image,100,61,40,0.6557377049180327,0.3305785123966942
spreadsheet,Qwen3-VL-30B-A3B-Instruct,latex,excel_1_image,100,63,35,0.5555555555555556,0.2734375
spreadsheet,Qwen3-VL-30B-A3B-Instruct,markdown,latex,84,100,49,0.49,0.362962962962963
spreadsheet,Qwen3-VL-30B-A3B-Instruct,markdown,markdown,84,84,84,1.0,1.0
spreadsheet,Qwen3-VL-30B-A3B-Instruct,markdown,json_cells,84,118,57,0.4830508474576271,0.3931034482758621
spreadsheet,Qwen3-VL-30B-A3B-Instruct,markdown,json_rows,84,110,54,0.4909090909090909,0.38571428571428573
spreadsheet,Qwen3-VL-30B-A3B-Instruct,markdown,image,84,61,35,0.5737704918032787,0.3181818181818182
spreadsheet,Qwen3-VL-30B-A3B-Instruct,markdown,excel_1_image,84,63,38,0.6031746031746031,0.3486238532110092
spreadsheet,Qwen3-VL-30B-A3B-Instruct,json_cells,latex,118,100,61,0.61,0.3885350318471338
spreadsheet,Qwen3-VL-30B-A3B-Instruct,json_cells,markdown,118,84,57,0.6785714285714286,0.3931034482758621
spreadsheet,Qwen3-VL-30B-A3B-Instruct,json_cells,json_cells,118,118,118,1.0,1.0
spreadsheet,Qwen3-VL-30B-A3B-Instruct,json_cells,json_rows,118,110,76,0.6909090909090909,0.5
spreadsheet,Qwen3-VL-30B-A3B-Instruct,json_cells,image,118,61,39,0.639344262295082,0.2785714285714286
spreadsheet,Qwen3-VL-30B-A3B-Instruct,json_cells,excel_1_image,118,63,40,0.6349206349206349,0.28368794326241137
spreadsheet,Qwen3-VL-30B-A3B-Instruct,json_rows,latex,110,100,66,0.66,0.4583333333333333
spreadsheet,Qwen3-VL-30B-A3B-Instruct,json_rows,markdown,110,84,54,0.6428571428571429,0.38571428571428573
spreadsheet,Qwen3-VL-30B-A3B-Instruct,json_rows,json_cells,110,118,76,0.6440677966101694,0.5
spreadsheet,Qwen3-VL-30B-A3B-Instruct,json_rows,json_rows,110,110,110,1.0,1.0
spreadsheet,Qwen3-VL-30B-A3B-Instruct,json_rows,image,110,61,41,0.6721311475409836,0.3153846153846154
spreadsheet,Qwen3-VL-30B-A3B-Instruct,json_rows,excel_1_image,110,63,39,0.6190476190476191,0.291044776119403
spreadsheet,Qwen3-VL-30B-A3B-Instruct,image,latex,61,100,40,0.4,0.3305785123966942
spreadsheet,Qwen3-VL-30B-A3B-Instruct,image,markdown,61,84,35,0.4166666666666667,0.3181818181818182
spreadsheet,Qwen3-VL-30B-A3B-Instruct,image,json_cells,61,118,39,0.3305084745762712,0.2785714285714286
spreadsheet,Qwen3-VL-30B-A3B-Instruct,image,json_rows,61,110,41,0.37272727272727274,0.3153846153846154
spreadsheet,Qwen3-VL-30B-A3B-Instruct,image,image,61,61,61,1.0,1.0
spreadsheet,Qwen3-VL-30B-A3B-Instruct,image,excel_1_image,61,63,37,0.5873015873015873,0.42528735632183906
spreadsheet,Qwen3-VL-30B-A3B-Instruct,excel_1_image,latex,63,100,35,0.35,0.2734375
spreadsheet,Qwen3-VL-30B-A3B-Instruct,excel_1_image,markdown,63,84,38,0.4523809523809524,0.3486238532110092
spreadsheet,Qwen3-VL-30B-A3B-Instruct,excel_1_image,json_cells,63,118,40,0.3389830508474576,0.28368794326241137
spreadsheet,Qwen3-VL-30B-A3B-Instruct,excel_1_image,json_rows,63,110,39,0.35454545454545455,0.291044776119403
spreadsheet,Qwen3-VL-30B-A3B-Instruct,excel_1_image,image,63,61,37,0.6065573770491803,0.42528735632183906
spreadsheet,Qwen3-VL-30B-A3B-Instruct,excel_1_image,excel_1_image,63,63,63,1.0,1.0
spreadsheet,gemma-3-12b-it,latex,latex,55,55,55,1.0,1.0
spreadsheet,gemma-3-12b-it,latex,markdown,55,49,30,0.6122448979591837,0.40540540540540543
spreadsheet,gemma-3-12b-it,latex,json_cells,55,69,30,0.43478260869565216,0.3191489361702128
spreadsheet,gemma-3-12b-it,latex,json_rows,55,47,32,0.6808510638297872,0.45714285714285713
spreadsheet,gemma-3-12b-it,latex,image,55,46,26,0.5652173913043478,0.3466666666666667
spreadsheet,gemma-3-12b-it,latex,excel_1_image,55,51,27,0.5294117647058824,0.34177215189873417
spreadsheet,gemma-3-12b-it,markdown,latex,49,55,30,0.5454545454545454,0.40540540540540543
spreadsheet,gemma-3-12b-it,markdown,markdown,49,49,49,1.0,1.0
spreadsheet,gemma-3-12b-it,markdown,json_cells,49,69,31,0.4492753623188406,0.3563218390804598
spreadsheet,gemma-3-12b-it,markdown,json_rows,49,47,26,0.5531914893617021,0.37142857142857144
spreadsheet,gemma-3-12b-it,markdown,image,49,46,26,0.5652173913043478,0.37681159420289856
spreadsheet,gemma-3-12b-it,markdown,excel_1_image,49,51,26,0.5098039215686274,0.35135135135135137
spreadsheet,gemma-3-12b-it,json_cells,latex,69,55,30,0.5454545454545454,0.3191489361702128
spreadsheet,gemma-3-12b-it,json_cells,markdown,69,49,31,0.6326530612244898,0.3563218390804598
spreadsheet,gemma-3-12b-it,json_cells,json_cells,69,69,69,1.0,1.0
spreadsheet,gemma-3-12b-it,json_cells,json_rows,69,47,31,0.6595744680851063,0.36470588235294116
spreadsheet,gemma-3-12b-it,json_cells,image,69,46,27,0.5869565217391305,0.3068181818181818
spreadsheet,gemma-3-12b-it,json_cells,excel_1_image,69,51,31,0.6078431372549019,0.34831460674157305
spreadsheet,gemma-3-12b-it,json_rows,latex,47,55,32,0.5818181818181818,0.45714285714285713
spreadsheet,gemma-3-12b-it,json_rows,markdown,47,49,26,0.5306122448979592,0.37142857142857144
spreadsheet,gemma-3-12b-it,json_rows,json_cells,47,69,31,0.4492753623188406,0.36470588235294116
spreadsheet,gemma-3-12b-it,json_rows,json_rows,47,47,47,1.0,1.0
spreadsheet,gemma-3-12b-it,json_rows,image,47,46,21,0.45652173913043476,0.2916666666666667
spreadsheet,gemma-3-12b-it,json_rows,excel_1_image,47,51,22,0.43137254901960786,0.2894736842105263
spreadsheet,gemma-3-12b-it,image,latex,46,55,26,0.4727272727272727,0.3466666666666667
spreadsheet,gemma-3-12b-it,image,markdown,46,49,26,0.5306122448979592,0.37681159420289856
spreadsheet,gemma-3-12b-it,image,json_cells,46,69,27,0.391304347826087,0.3068181818181818
spreadsheet,gemma-3-12b-it,image,json_rows,46,47,21,0.44680851063829785,0.2916666666666667
spreadsheet,gemma-3-12b-it,image,image,46,46,46,1.0,1.0
spreadsheet,gemma-3-12b-it,image,excel_1_image,46,51,30,0.5882352941176471,0.44776119402985076
spreadsheet,gemma-3-12b-it,excel_1_image,latex,51,55,27,0.4909090909090909,0.34177215189873417
spreadsheet,gemma-3-12b-it,excel_1_image,markdown,51,49,26,0.5306122448979592,0.35135135135135137
spreadsheet,gemma-3-12b-it,excel_1_image,json_cells,51,69,31,0.4492753623188406,0.34831460674157305
spreadsheet,gemma-3-12b-it,excel_1_image,json_rows,51,47,22,0.46808510638297873,0.2894736842105263
spreadsheet,gemma-3-12b-it,excel_1_image,image,51,46,30,0.6521739130434783,0.44776119402985076
spreadsheet,gemma-3-12b-it,excel_1_image,excel_1_image,51,51,51,1.0,1.0
spreadsheet,gemma-4-12B-it,latex,latex,224,224,224,1.0,1.0
spreadsheet,gemma-4-12B-it,latex,markdown,224,226,188,0.831858407079646,0.7175572519083969
spreadsheet,gemma-4-12B-it,latex,json_cells,224,248,190,0.7661290322580645,0.6737588652482269
spreadsheet,gemma-4-12B-it,latex,json_rows,224,235,184,0.7829787234042553,0.6690909090909091
spreadsheet,gemma-4-12B-it,latex,image,224,167,140,0.8383233532934131,0.5577689243027888
spreadsheet,gemma-4-12B-it,latex,excel_1_image,224,196,159,0.8112244897959183,0.6091954022988506
spreadsheet,gemma-4-12B-it,markdown,latex,226,224,188,0.8392857142857143,0.7175572519083969
spreadsheet,gemma-4-12B-it,markdown,markdown,226,226,226,1.0,1.0
spreadsheet,gemma-4-12B-it,markdown,json_cells,226,248,199,0.8024193548387096,0.7236363636363636
spreadsheet,gemma-4-12B-it,markdown,json_rows,226,235,188,0.8,0.6886446886446886
spreadsheet,gemma-4-12B-it,markdown,image,226,167,142,0.8502994011976048,0.5657370517928287
spreadsheet,gemma-4-12B-it,markdown,excel_1_image,226,196,162,0.826530612244898,0.6230769230769231
spreadsheet,gemma-4-12B-it,json_cells,latex,248,224,190,0.8482142857142857,0.6737588652482269
spreadsheet,gemma-4-12B-it,json_cells,markdown,248,226,199,0.8805309734513275,0.7236363636363636
spreadsheet,gemma-4-12B-it,json_cells,json_cells,248,248,248,1.0,1.0
spreadsheet,gemma-4-12B-it,json_cells,json_rows,248,235,200,0.851063829787234,0.7067137809187279
spreadsheet,gemma-4-12B-it,json_cells,image,248,167,148,0.8862275449101796,0.5543071161048689
spreadsheet,gemma-4-12B-it,json_cells,excel_1_image,248,196,172,0.8775510204081632,0.6323529411764706
spreadsheet,gemma-4-12B-it,json_rows,latex,235,224,184,0.8214285714285714,0.6690909090909091
spreadsheet,gemma-4-12B-it,json_rows,markdown,235,226,188,0.831858407079646,0.6886446886446886
spreadsheet,gemma-4-12B-it,json_rows,json_cells,235,248,200,0.8064516129032258,0.7067137809187279
spreadsheet,gemma-4-12B-it,json_rows,json_rows,235,235,235,1.0,1.0
spreadsheet,gemma-4-12B-it,json_rows,image,235,167,134,0.8023952095808383,0.5
spreadsheet,gemma-4-12B-it,json_rows,excel_1_image,235,196,163,0.8316326530612245,0.6082089552238806
spreadsheet,gemma-4-12B-it,image,latex,167,224,140,0.625,0.5577689243027888
spreadsheet,gemma-4-12B-it,image,markdown,167,226,142,0.6283185840707964,0.5657370517928287
spreadsheet,gemma-4-12B-it,image,json_cells,167,248,148,0.5967741935483871,0.5543071161048689
spreadsheet,gemma-4-12B-it,image,json_rows,167,235,134,0.5702127659574469,0.5
spreadsheet,gemma-4-12B-it,image,image,167,167,167,1.0,1.0
spreadsheet,gemma-4-12B-it,image,excel_1_image,167,196,134,0.6836734693877551,0.5851528384279476
spreadsheet,gemma-4-12B-it,excel_1_image,latex,196,224,159,0.7098214285714286,0.6091954022988506
spreadsheet,gemma-4-12B-it,excel_1_image,markdown,196,226,162,0.7168141592920354,0.6230769230769231
spreadsheet,gemma-4-12B-it,excel_1_image,json_cells,196,248,172,0.6935483870967742,0.6323529411764706
spreadsheet,gemma-4-12B-it,excel_1_image,json_rows,196,235,163,0.6936170212765957,0.6082089552238806
spreadsheet,gemma-4-12B-it,excel_1_image,image,196,167,134,0.8023952095808383,0.5851528384279476
spreadsheet,gemma-4-12B-it,excel_1_image,excel_1_image,196,196,196,1.0,1.0
spreadsheet,gemma-4-26B-A4B-it,latex,latex,252,252,252,1.0,1.0
spreadsheet,gemma-4-26B-A4B-it,latex,markdown,252,267,214,0.8014981273408239,0.7016393442622951
spreadsheet,gemma-4-26B-A4B-it,latex,json_cells,252,269,215,0.7992565055762082,0.7026143790849673
spreadsheet,gemma-4-26B-A4B-it,latex,json_rows,252,256,213,0.83203125,0.7220338983050848
spreadsheet,gemma-4-26B-A4B-it,latex,image,252,200,172,0.86,0.6142857142857143
spreadsheet,gemma-4-26B-A4B-it,latex,excel_1_image,252,228,192,0.8421052631578947,0.6666666666666666
spreadsheet,gemma-4-26B-A4B-it,markdown,latex,267,252,214,0.8492063492063492,0.7016393442622951
spreadsheet,gemma-4-26B-A4B-it,markdown,markdown,267,267,267,1.0,1.0
spreadsheet,gemma-4-26B-A4B-it,markdown,json_cells,267,269,227,0.8438661710037175,0.7346278317152104
spreadsheet,gemma-4-26B-A4B-it,markdown,json_rows,267,256,218,0.8515625,0.7147540983606557
spreadsheet,gemma-4-26B-A4B-it,markdown,image,267,200,178,0.89,0.615916955017301
spreadsheet,gemma-4-26B-A4B-it,markdown,excel_1_image,267,228,207,0.9078947368421053,0.71875
spreadsheet,gemma-4-26B-A4B-it,json_cells,latex,269,252,215,0.8531746031746031,0.7026143790849673
spreadsheet,gemma-4-26B-A4B-it,json_cells,markdown,269,267,227,0.850187265917603,0.7346278317152104
spreadsheet,gemma-4-26B-A4B-it,json_cells,json_cells,269,269,269,1.0,1.0
spreadsheet,gemma-4-26B-A4B-it,json_cells,json_rows,269,256,223,0.87109375,0.7384105960264901
spreadsheet,gemma-4-26B-A4B-it,json_cells,image,269,200,179,0.895,0.6172413793103448
spreadsheet,gemma-4-26B-A4B-it,json_cells,excel_1_image,269,228,209,0.9166666666666666,0.7256944444444444
spreadsheet,gemma-4-26B-A4B-it,json_rows,latex,256,252,213,0.8452380952380952,0.7220338983050848
spreadsheet,gemma-4-26B-A4B-it,json_rows,markdown,256,267,218,0.8164794007490637,0.7147540983606557
spreadsheet,gemma-4-26B-A4B-it,json_rows,json_cells,256,269,223,0.828996282527881,0.7384105960264901
spreadsheet,gemma-4-26B-A4B-it,json_rows,json_rows,256,256,256,1.0,1.0
spreadsheet,gemma-4-26B-A4B-it,json_rows,image,256,200,173,0.865,0.6113074204946997
spreadsheet,gemma-4-26B-A4B-it,json_rows,excel_1_image,256,228,196,0.8596491228070176,0.6805555555555556
spreadsheet,gemma-4-26B-A4B-it,image,latex,200,252,172,0.6825396825396826,0.6142857142857143
spreadsheet,gemma-4-26B-A4B-it,image,markdown,200,267,178,0.6666666666666666,0.615916955017301
spreadsheet,gemma-4-26B-A4B-it,image,json_cells,200,269,179,0.6654275092936803,0.6172413793103448
spreadsheet,gemma-4-26B-A4B-it,image,json_rows,200,256,173,0.67578125,0.6113074204946997
spreadsheet,gemma-4-26B-A4B-it,image,image,200,200,200,1.0,1.0
spreadsheet,gemma-4-26B-A4B-it,image,excel_1_image,200,228,177,0.7763157894736842,0.7051792828685259
spreadsheet,gemma-4-26B-A4B-it,excel_1_image,latex,228,252,192,0.7619047619047619,0.6666666666666666
spreadsheet,gemma-4-26B-A4B-it,excel_1_image,markdown,228,267,207,0.7752808988764045,0.71875
spreadsheet,gemma-4-26B-A4B-it,excel_1_image,json_cells,228,269,209,0.7769516728624535,0.7256944444444444
spreadsheet,gemma-4-26B-A4B-it,excel_1_image,json_rows,228,256,196,0.765625,0.6805555555555556
spreadsheet,gemma-4-26B-A4B-it,excel_1_image,image,228,200,177,0.885,0.7051792828685259
spreadsheet,gemma-4-26B-A4B-it,excel_1_image,excel_1_image,228,228,228,1.0,1.0
